"March 08, 2021 at 01:05PM","wyze-cam-01","event_motion"
"March 08, 2021 at 01:14PM","wyze-cam-01","event_motion"
"March 08, 2021 at 01:15PM","arlo-cam-02","event_motion"
"March 08, 2021 at 01:18PM","arlo-cam-01","event_motion"
"March 08, 2021 at 01:18PM","arlo-cam-02","event_motion"
"March 08, 2021 at 01:18PM","blink-cam-01","event_motion"
"March 08, 2021 at 01:18PM","blink-cam-02","event_motion"
"March 08, 2021 at 01:18PM","blink-cam-03","event_motion"
"March 08, 2021 at 01:18PM","wyze-cam-01","event_sound"
"March 08, 2021 at 01:19PM","wyze-cam-01","event_motion"
"March 08, 2021 at 01:24PM","wyze-cam-01","event_sound"
"March 08, 2021 at 01:25PM","wyze-cam-01","event_motion"
"March 08, 2021 at 01:29PM","wyze-cam-01","event_sound"
"March 08, 2021 at 01:31PM","wyze-cam-01","event_sound"
"March 08, 2021 at 01:34PM","wyze-cam-01","event_motion"
"March 08, 2021 at 01:37PM","wyze-cam-01","event_sound"
"March 08, 2021 at 01:39PM","wyze-cam-01","event_motion"
"March 08, 2021 at 01:42PM","wyze-cam-01","event_sound"
"March 08, 2021 at 01:44PM","wyze-cam-01","event_motion"
"March 08, 2021 at 01:56PM","august-lock-01","event_lock"
"March 08, 2021 at 01:56PM","august-lock-01","event_lock"
"March 08, 2021 at 01:56PM","august-lock-01","event_unlock"
"March 08, 2021 at 01:56PM","august-lock-01","event_unlock"
"March 08, 2021 at 02:00PM","wyze-cam-01","event_motion"
"March 08, 2021 at 05:17PM","arlo-cam-01","event_motion"
"March 08, 2021 at 05:17PM","arlo-cam-02","event_motion"
"March 08, 2021 at 05:17PM","august-lock-01","event_lock"
"March 08, 2021 at 05:17PM","blink-cam-01","event_motion"
"March 08, 2021 at 05:17PM","blink-cam-02","event_motion"
"March 08, 2021 at 05:17PM","blink-cam-03","event_motion"
"March 08, 2021 at 05:17PM","kwikset-lock-01","event_lock"
"March 08, 2021 at 05:17PM","wyze-cam-01","event_motion"
"March 08, 2021 at 05:17PM","wyze-cam-01","event_sound"
"March 08, 2021 at 05:17PM","yale-lock-02","event_lock"
"March 08, 2021 at 05:18PM","arlo-cam-01","event_motion"
"March 08, 2021 at 05:18PM","august-lock-01","event_lock"
"March 08, 2021 at 05:18PM","august-lock-01","event_lock"
"March 08, 2021 at 05:18PM","august-lock-01","event_lock"
"March 08, 2021 at 05:18PM","august-lock-01","event_lock"
"March 08, 2021 at 05:18PM","august-lock-01","event_unlock"
"March 08, 2021 at 05:18PM","august-lock-01","event_unlock"
"March 08, 2021 at 05:18PM","august-lock-01","event_unlock"
"March 08, 2021 at 05:18PM","august-lock-01","event_unlock"
"March 08, 2021 at 05:18PM","august-lock-01","event_unlock"
"March 08, 2021 at 05:18PM","blink-cam-01","event_motion"
"March 08, 2021 at 05:18PM","blink-cam-02","event_motion"
"March 08, 2021 at 05:18PM","blink-cam-03","event_motion"
"March 08, 2021 at 05:18PM","yale-lock-02","event_unlock"
"March 08, 2021 at 05:39PM","wyze-cam-01","event_motion"
"March 08, 2021 at 06:01PM","wyze-cam-01","event_motion"
"March 08, 2021 at 07:00PM","wyze-cam-01","event_motion"
"March 08, 2021 at 08:00PM","wyze-cam-01","event_motion"
"March 08, 2021 at 09:00PM","wyze-cam-01","event_motion"
"March 08, 2021 at 09:35AM","wyze-cam-01","event_motion"
"March 08, 2021 at 09:36AM","wyze-cam-01","event_sound"
"March 08, 2021 at 09:42AM","wyze-cam-01","event_motion"
"March 08, 2021 at 09:44AM","wyze-cam-01","event_sound"
"March 08, 2021 at 09:54AM","kwikset-lock-01","event_lock"
"March 08, 2021 at 09:54AM","kwikset-lock-01","event_unlock"
"March 08, 2021 at 10:00AM","august-lock-01","event_lock"
"March 08, 2021 at 10:00AM","august-lock-01","event_unlock"
"March 08, 2021 at 10:00AM","kwikset-lock-01","event_unlock"
"March 08, 2021 at 10:01AM","wyze-cam-01","event_motion"
"March 08, 2021 at 10:05AM","wyze-cam-01","event_sound"
"March 08, 2021 at 10:06AM","wyze-cam-01","event_motion"
"March 08, 2021 at 10:12AM","wyze-cam-01","event_motion"
"March 08, 2021 at 10:13AM","wyze-cam-01","event_sound"
"March 08, 2021 at 10:17AM","arlo-cam-02","event_motion"
"March 08, 2021 at 10:17AM","wyze-cam-01","event_motion"
"March 08, 2021 at 10:20AM","wyze-cam-01","event_sound"
"March 08, 2021 at 10:21AM","arlo-cam-02","event_motion"
"March 08, 2021 at 10:21AM","blink-cam-03","event_motion"
"March 08, 2021 at 10:22AM","arlo-cam-01","event_motion"
"March 08, 2021 at 10:22AM","arlo-cam-02","event_motion"
"March 08, 2021 at 10:22AM","arlo-cam-02","event_motion"
"March 08, 2021 at 10:22AM","arlo-cam-02","event_motion"
"March 08, 2021 at 10:22AM","arlo-cam-02","event_motion"
"March 08, 2021 at 10:22AM","blink-cam-01","event_motion"
"March 08, 2021 at 10:22AM","blink-cam-02","event_motion"
"March 08, 2021 at 10:22AM","blink-cam-03","event_motion"
"March 08, 2021 at 10:22AM","blink-cam-03","event_motion"
"March 08, 2021 at 10:22AM","wyze-cam-01","event_motion"
"March 08, 2021 at 10:24AM","arlo-cam-02","event_motion"
"March 08, 2021 at 10:34AM","wyze-cam-01","event_motion"
"March 08, 2021 at 10:41AM","wyze-cam-01","event_sound"
"March 08, 2021 at 10:43AM","wyze-cam-01","event_motion"
"March 08, 2021 at 10:49AM","kwikset-lock-01","event_lock"
"March 08, 2021 at 10:49AM","kwikset-lock-01","event_unlock"
"March 08, 2021 at 11:00AM","wyze-cam-01","event_motion"
"March 08, 2021 at 12:00PM","wyze-cam-01","event_motion"
"March 09, 2021 at 01:17PM","wyze-cam-01","event_motion"
"March 09, 2021 at 02:05PM","wyze-cam-01","event_motion"
"March 09, 2021 at 03:03PM","wyze-cam-01","event_motion"
"March 09, 2021 at 03:03PM","wyze-cam-01","event_sound"
"March 09, 2021 at 03:06PM","kwikset-lock-01","event_lock"
"March 09, 2021 at 03:06PM","kwikset-lock-01","event_lock"
"March 09, 2021 at 03:06PM","kwikset-lock-01","event_lock"
"March 09, 2021 at 03:06PM","kwikset-lock-01","event_unlock"
"March 09, 2021 at 03:08PM","wyze-cam-01","event_motion"
"March 09, 2021 at 03:08PM","wyze-cam-01","event_sound"
"March 09, 2021 at 03:14PM","wyze-cam-01","event_motion"
"March 09, 2021 at 03:16PM","wyze-cam-01","event_sound"
"March 09, 2021 at 03:19PM","wyze-cam-01","event_motion"
"March 09, 2021 at 03:25PM","wyze-cam-01","event_motion"
"March 09, 2021 at 03:31PM","wyze-cam-01","event_motion"
"March 09, 2021 at 03:38PM","wyze-cam-01","event_motion"
"March 09, 2021 at 03:38PM","wyze-cam-01","event_sound"
"March 09, 2021 at 03:43PM","wyze-cam-01","event_motion"
"March 09, 2021 at 04:00AM","wyze-cam-01","event_motion"
"March 09, 2021 at 04:08PM","wyze-cam-01","event_motion"
"March 09, 2021 at 04:17PM","wyze-cam-01","event_motion"
"March 09, 2021 at 04:19PM","arlo-cam-02","event_motion"
"March 09, 2021 at 04:21PM","arlo-cam-02","event_motion"
"March 09, 2021 at 04:22PM","arlo-cam-01","event_motion"
"March 09, 2021 at 04:22PM","arlo-cam-02","event_motion"
"March 09, 2021 at 04:22PM","blink-cam-01","event_motion"
"March 09, 2021 at 04:22PM","blink-cam-02","event_motion"
"March 09, 2021 at 04:22PM","blink-cam-03","event_motion"
"March 09, 2021 at 04:22PM","wyze-cam-01","event_motion"
"March 09, 2021 at 06:01AM","wyze-cam-01","event_motion"
"March 09, 2021 at 06:29PM","wyze-cam-01","event_motion"
"March 09, 2021 at 07:22AM","wyze-cam-01","event_motion"
"March 09, 2021 at 07:25PM","wyze-cam-01","event_motion"
"March 09, 2021 at 08:01AM","kwikset-lock-01","event_unlock"
"March 09, 2021 at 08:01AM","kwikset-lock-01","event_unlock"
"March 09, 2021 at 08:17PM","wyze-cam-01","event_motion"
"March 09, 2021 at 09:00PM","wyze-cam-01","event_motion"
"March 09, 2021 at 09:12PM","wyze-cam-01","event_motion"
"March 09, 2021 at 11:37AM","wyze-cam-01","event_motion"
"March 09, 2021 at 12:00PM","wyze-cam-01","event_motion"
"March 09, 2021 at 12:02AM","wyze-cam-01","event_motion"
"March 09, 2021 at 12:23PM","arlo-cam-01","event_motion"
"March 09, 2021 at 12:23PM","arlo-cam-02","event_motion"
"March 09, 2021 at 12:23PM","blink-cam-01","event_motion"
"March 09, 2021 at 12:23PM","blink-cam-02","event_motion"
"March 09, 2021 at 12:23PM","blink-cam-03","event_motion"
"March 09, 2021 at 12:23PM","wyze-cam-01","event_motion"
"March 09, 2021 at 12:24PM","blink-cam-01","event_motion"
"March 09, 2021 at 12:24PM","blink-cam-01","event_motion"
"March 09, 2021 at 12:24PM","blink-cam-02","event_motion"
"March 09, 2021 at 12:24PM","blink-cam-02","event_motion"
"March 09, 2021 at 12:24PM","blink-cam-02","event_motion"
"March 09, 2021 at 12:24PM","blink-cam-03","event_motion"
"March 09, 2021 at 12:24PM","blink-cam-03","event_motion"
"March 09, 2021 at 12:24PM","blink-cam-03","event_motion"
"March 09, 2021 at 12:25PM","blink-cam-01","event_motion"
"March 09, 2021 at 12:25PM","blink-cam-01","event_motion"
"March 09, 2021 at 12:25PM","blink-cam-02","event_motion"
"March 09, 2021 at 12:25PM","blink-cam-02","event_motion"
"March 09, 2021 at 12:25PM","blink-cam-03","event_motion"
"March 09, 2021 at 12:25PM","blink-cam-03","event_motion"
"March 09, 2021 at 12:30AM","wyze-cam-01","event_motion"
"March 10, 2021 at 01:04PM","wyze-cam-01","event_motion"
"March 10, 2021 at 01:04PM","wyze-cam-01","event_sound"
"March 10, 2021 at 01:11PM","wyze-cam-01","event_motion"
"March 10, 2021 at 01:11PM","wyze-cam-01","event_sound"
"March 10, 2021 at 01:32PM","wyze-cam-01","event_motion"
"March 10, 2021 at 01:34PM","wyze-cam-01","event_sound"
"March 10, 2021 at 02:12PM","wyze-cam-01","event_motion"
"March 10, 2021 at 02:14PM","wyze-cam-01","event_sound"
"March 10, 2021 at 02:15PM","arlo-cam-02","event_motion"
"March 10, 2021 at 02:15PM","blink-cam-01","event_motion"
"March 10, 2021 at 02:15PM","blink-cam-02","event_motion"
"March 10, 2021 at 02:15PM","blink-cam-03","event_motion"
"March 10, 2021 at 02:15PM","yale-lock-02","event_unlock"
"March 10, 2021 at 02:16PM","arlo-cam-01","event_motion"
"March 10, 2021 at 02:16PM","arlo-cam-02","event_motion"
"March 10, 2021 at 02:16PM","arlo-cam-02","event_motion"
"March 10, 2021 at 02:16PM","blink-cam-01","event_motion"
"March 10, 2021 at 02:16PM","blink-cam-01","event_motion"
"March 10, 2021 at 02:16PM","blink-cam-01","event_motion"
"March 10, 2021 at 02:16PM","blink-cam-02","event_motion"
"March 10, 2021 at 02:16PM","blink-cam-02","event_motion"
"March 10, 2021 at 02:16PM","blink-cam-02","event_motion"
"March 10, 2021 at 02:16PM","blink-cam-03","event_motion"
"March 10, 2021 at 02:16PM","blink-cam-03","event_motion"
"March 10, 2021 at 02:17PM","blink-cam-01","event_motion"
"March 10, 2021 at 02:17PM","blink-cam-01","event_motion"
"March 10, 2021 at 02:17PM","blink-cam-02","event_motion"
"March 10, 2021 at 02:17PM","blink-cam-02","event_motion"
"March 10, 2021 at 02:17PM","blink-cam-03","event_motion"
"March 10, 2021 at 02:17PM","blink-cam-03","event_motion"
"March 10, 2021 at 02:18PM","arlo-cam-02","event_motion"
"March 10, 2021 at 02:18PM","blink-cam-01","event_motion"
"March 10, 2021 at 02:18PM","blink-cam-02","event_motion"
"March 10, 2021 at 02:18PM","wyze-cam-01","event_motion"
"March 10, 2021 at 02:19PM","blink-cam-03","event_motion"
"March 10, 2021 at 02:19PM","wyze-cam-01","event_sound"
"March 10, 2021 at 02:21PM","arlo-cam-02","event_motion"
"March 10, 2021 at 02:23PM","wyze-cam-01","event_motion"
"March 10, 2021 at 02:24PM","arlo-cam-02","event_motion"
"March 10, 2021 at 02:24PM","blink-cam-03","event_motion"
"March 10, 2021 at 02:24PM","wyze-cam-01","event_sound"
"March 10, 2021 at 02:25PM","blink-cam-03","event_motion"
"March 10, 2021 at 02:26PM","arlo-cam-02","event_motion"
"March 10, 2021 at 02:33PM","wyze-cam-01","event_motion"
"March 10, 2021 at 02:38PM","wyze-cam-01","event_sound"
"March 10, 2021 at 02:39PM","wyze-cam-01","event_motion"
"March 10, 2021 at 03:14PM","wyze-cam-01","event_motion"
"March 10, 2021 at 03:15PM","wyze-cam-01","event_sound"
"March 10, 2021 at 04:02PM","wyze-cam-01","event_motion"
"March 10, 2021 at 04:07AM","wyze-cam-01","event_motion"
"March 10, 2021 at 05:40AM","wyze-cam-01","event_motion"
"March 10, 2021 at 06:00PM","wyze-cam-01","event_motion"
"March 10, 2021 at 07:00AM","wyze-cam-01","event_motion"
"March 10, 2021 at 08:00AM","kwikset-lock-01","event_unlock"
"March 10, 2021 at 08:01PM","wyze-cam-01","event_motion"
"March 10, 2021 at 08:06AM","wyze-cam-01","event_motion"
"March 10, 2021 at 08:27AM","wyze-cam-01","event_motion"
"March 10, 2021 at 09:35AM","wyze-cam-01","event_motion"
"March 10, 2021 at 10:00AM","wyze-cam-01","event_motion"
"March 10, 2021 at 10:08PM","wyze-cam-01","event_motion"
"March 10, 2021 at 10:19AM","wyze-cam-01","event_motion"
"March 10, 2021 at 10:31PM","wyze-cam-01","event_motion"
"March 10, 2021 at 10:41AM","wyze-cam-01","event_motion"
"March 10, 2021 at 11:18AM","arlo-cam-01","event_motion"
"March 10, 2021 at 11:18AM","arlo-cam-02","event_motion"
"March 10, 2021 at 11:18AM","blink-cam-02","event_motion"
"March 10, 2021 at 11:18AM","wyze-cam-01","event_motion"
"March 10, 2021 at 11:19AM","arlo-cam-01","event_motion"
"March 10, 2021 at 11:19AM","blink-cam-01","event_motion"
"March 10, 2021 at 11:19AM","blink-cam-01","event_motion"
"March 10, 2021 at 11:19AM","blink-cam-02","event_motion"
"March 10, 2021 at 11:19AM","blink-cam-03","event_motion"
"March 10, 2021 at 11:19AM","wyze-cam-01","event_sound"
"March 10, 2021 at 11:22AM","arlo-cam-02","event_motion"
"March 10, 2021 at 11:24AM","arlo-cam-02","event_motion"
"March 10, 2021 at 11:24AM","wyze-cam-01","event_motion"
"March 10, 2021 at 11:25AM","arlo-cam-02","event_motion"
"March 10, 2021 at 11:31PM","wyze-cam-01","event_motion"
"March 11, 2021 at 01:59AM","wyze-cam-01","event_motion"
"March 11, 2021 at 02:03PM","wyze-cam-01","event_motion"
"March 11, 2021 at 02:03PM","wyze-cam-01","event_sound"
"March 11, 2021 at 02:04PM","august-lock-01","event_lock"
"March 11, 2021 at 02:04PM","august-lock-01","event_unlock"
"March 11, 2021 at 02:08PM","wyze-cam-01","event_motion"
"March 11, 2021 at 02:08PM","wyze-cam-01","event_sound"
"March 11, 2021 at 02:13PM","wyze-cam-01","event_motion"
"March 11, 2021 at 02:13PM","wyze-cam-01","event_sound"
"March 11, 2021 at 02:18PM","wyze-cam-01","event_motion"
"March 11, 2021 at 02:19PM","wyze-cam-01","event_sound"
"March 11, 2021 at 02:20PM","blink-cam-02","event_motion"
"March 11, 2021 at 02:20PM","blink-cam-03","event_motion"
"March 11, 2021 at 02:24PM","wyze-cam-01","event_sound"
"March 11, 2021 at 02:27PM","arlo-cam-02","event_motion"
"March 11, 2021 at 02:27PM","wyze-cam-01","event_motion"
"March 11, 2021 at 02:29PM","wyze-cam-01","event_sound"
"March 11, 2021 at 02:30AM","wyze-cam-01","event_motion"
"March 11, 2021 at 02:31PM","wyze-cam-01","event_motion"
"March 11, 2021 at 02:31PM","wyze-cam-01","event_sound"
"March 11, 2021 at 02:32PM","kwikset-lock-01","event_lock"
"March 11, 2021 at 02:36PM","wyze-cam-01","event_motion"
"March 11, 2021 at 02:36PM","wyze-cam-01","event_sound"
"March 11, 2021 at 02:41PM","wyze-cam-01","event_motion"
"March 11, 2021 at 02:42PM","wyze-cam-01","event_sound"
"March 11, 2021 at 03:00AM","wyze-cam-01","event_motion"
"March 11, 2021 at 03:04PM","wyze-cam-01","event_motion"
"March 11, 2021 at 03:24PM","wyze-cam-01","event_motion"
"March 11, 2021 at 04:00PM","wyze-cam-01","event_motion"
"March 11, 2021 at 04:31AM","wyze-cam-01","event_motion"
"March 11, 2021 at 05:00PM","wyze-cam-01","event_motion"
"March 11, 2021 at 05:13PM","wyze-cam-01","event_motion"
"March 11, 2021 at 05:13PM","wyze-cam-01","event_sound"
"March 11, 2021 at 05:15PM","arlo-cam-01","event_motion"
"March 11, 2021 at 05:16PM","arlo-cam-02","event_motion"
"March 11, 2021 at 05:16PM","blink-cam-01","event_motion"
"March 11, 2021 at 05:16PM","blink-cam-02","event_motion"
"March 11, 2021 at 05:16PM","blink-cam-03","event_motion"
"March 11, 2021 at 05:16PM","yale-lock-02","event_lock"
"March 11, 2021 at 05:16PM","yale-lock-02","event_unlock"
"March 11, 2021 at 05:17PM","arlo-cam-02","event_motion"
"March 11, 2021 at 05:17PM","yale-lock-02","event_lock"
"March 11, 2021 at 05:17PM","yale-lock-02","event_unlock"
"March 11, 2021 at 05:18PM","arlo-cam-01","event_motion"
"March 11, 2021 at 05:18PM","kwikset-lock-01","event_lock"
"March 11, 2021 at 05:18PM","kwikset-lock-01","event_lock"
"March 11, 2021 at 05:18PM","kwikset-lock-01","event_unlock"
"March 11, 2021 at 05:18PM","kwikset-lock-01","event_unlock"
"March 11, 2021 at 05:18PM","kwikset-lock-01","event_unlock"
"March 11, 2021 at 05:18PM","wyze-cam-01","event_motion"
"March 11, 2021 at 05:19PM","arlo-cam-01","event_motion"
"March 11, 2021 at 05:19PM","arlo-cam-02","event_motion"
"March 11, 2021 at 05:19PM","blink-cam-01","event_motion"
"March 11, 2021 at 05:19PM","blink-cam-01","event_motion"
"March 11, 2021 at 05:19PM","blink-cam-02","event_motion"
"March 11, 2021 at 05:19PM","blink-cam-02","event_motion"
"March 11, 2021 at 05:19PM","blink-cam-03","event_motion"
"March 11, 2021 at 05:19PM","blink-cam-03","event_motion"
"March 11, 2021 at 05:30AM","wyze-cam-01","event_motion"
"March 11, 2021 at 06:01AM","wyze-cam-01","event_motion"
"March 11, 2021 at 06:01PM","wyze-cam-01","event_motion"
"March 11, 2021 at 07:01PM","wyze-cam-01","event_motion"
"March 11, 2021 at 07:31AM","wyze-cam-01","event_motion"
"March 11, 2021 at 08:00AM","wyze-cam-01","event_motion"
"March 11, 2021 at 08:01PM","wyze-cam-01","event_motion"
"March 11, 2021 at 10:01AM","wyze-cam-01","event_motion"
"March 11, 2021 at 10:01PM","wyze-cam-01","event_motion"
"March 11, 2021 at 10:30AM","wyze-cam-01","event_motion"
"March 11, 2021 at 11:01AM","wyze-cam-01","event_motion"
"March 11, 2021 at 12:00AM","wyze-cam-01","event_motion"
"March 11, 2021 at 12:31PM","wyze-cam-01","event_motion"
"March 11, 2021 at 12:59AM","wyze-cam-01","event_motion"
"March 11, 2021 at 12:59PM","wyze-cam-01","event_motion"
"March 12, 2021 at 01:12PM","wyze-cam-01","event_motion"
"March 12, 2021 at 01:24PM","wyze-cam-01","event_motion"
"March 12, 2021 at 01:46PM","wyze-cam-01","event_motion"
"March 12, 2021 at 01:59AM","wyze-cam-01","event_motion"
"March 12, 2021 at 02:11PM","wyze-cam-01","event_motion"
"March 12, 2021 at 02:35PM","wyze-cam-01","event_motion"
"March 12, 2021 at 03:10AM","wyze-cam-01","event_motion"
"March 12, 2021 at 04:00PM","wyze-cam-01","event_motion"
"March 12, 2021 at 05:20PM","wyze-cam-01","event_motion"
"March 12, 2021 at 06:01AM","wyze-cam-01","event_motion"
"March 12, 2021 at 06:05PM","wyze-cam-01","event_motion"
"March 12, 2021 at 06:15PM","arlo-cam-01","event_motion"
"March 12, 2021 at 06:15PM","arlo-cam-02","event_motion"
"March 12, 2021 at 06:16PM","arlo-cam-01","event_motion"
"March 12, 2021 at 06:16PM","arlo-cam-02","event_motion"
"March 12, 2021 at 06:16PM","blink-cam-01","event_motion"
"March 12, 2021 at 06:16PM","blink-cam-02","event_motion"
"March 12, 2021 at 06:16PM","blink-cam-03","event_motion"
"March 12, 2021 at 06:16PM","wyze-cam-01","event_motion"
"March 12, 2021 at 06:16PM","wyze-cam-01","event_sound"
"March 12, 2021 at 06:17PM","blink-cam-01","event_motion"
"March 12, 2021 at 06:17PM","blink-cam-02","event_motion"
"March 12, 2021 at 06:17PM","blink-cam-03","event_motion"
"March 12, 2021 at 07:00AM","wyze-cam-01","event_motion"
"March 12, 2021 at 07:03PM","wyze-cam-01","event_motion"
"March 12, 2021 at 07:11PM","wyze-cam-01","event_motion"
"March 12, 2021 at 07:32PM","wyze-cam-01","event_motion"
"March 12, 2021 at 08:00AM","wyze-cam-01","event_motion"
"March 12, 2021 at 08:01PM","wyze-cam-01","event_motion"
"March 12, 2021 at 09:00AM","wyze-cam-01","event_motion"
"March 12, 2021 at 09:31AM","wyze-cam-01","event_motion"
"March 12, 2021 at 09:31AM","wyze-cam-01","event_sound"
"March 12, 2021 at 09:31AM","yale-lock-02","event_lock"
"March 12, 2021 at 09:32AM","kwikset-lock-01","event_lock"
"March 12, 2021 at 09:36AM","wyze-cam-01","event_sound"
"March 12, 2021 at 09:41AM","wyze-cam-01","event_sound"
"March 12, 2021 at 09:59AM","kwikset-lock-01","event_unlock"
"March 12, 2021 at 10:01AM","wyze-cam-01","event_motion"
"March 12, 2021 at 10:01PM","wyze-cam-01","event_motion"
"March 12, 2021 at 10:05AM","wyze-cam-01","event_sound"
"March 12, 2021 at 10:10AM","wyze-cam-01","event_sound"
"March 12, 2021 at 10:15AM","wyze-cam-01","event_sound"
"March 12, 2021 at 10:20AM","wyze-cam-01","event_sound"
"March 12, 2021 at 10:25AM","wyze-cam-01","event_sound"
"March 12, 2021 at 10:32AM","wyze-cam-01","event_sound"
"March 12, 2021 at 10:38AM","wyze-cam-01","event_sound"
"March 12, 2021 at 10:43AM","wyze-cam-01","event_sound"
"March 12, 2021 at 11:01AM","wyze-cam-01","event_motion"
"March 12, 2021 at 11:03AM","wyze-cam-01","event_sound"
"March 12, 2021 at 11:24AM","wyze-cam-01","event_sound"
"March 12, 2021 at 11:35AM","wyze-cam-01","event_motion"
"March 12, 2021 at 11:43AM","wyze-cam-01","event_sound"
"March 12, 2021 at 12:00AM","wyze-cam-01","event_motion"
"March 12, 2021 at 12:01PM","wyze-cam-01","event_motion"
"March 12, 2021 at 12:02PM","wyze-cam-01","event_sound"
"March 12, 2021 at 12:10PM","wyze-cam-01","event_sound"
"March 12, 2021 at 12:16PM","wyze-cam-01","event_sound"
"March 12, 2021 at 12:22PM","wyze-cam-01","event_motion"
"March 12, 2021 at 12:22PM","wyze-cam-01","event_sound"
"March 12, 2021 at 12:59AM","wyze-cam-01","event_motion"
"March 13, 2021 at 01:39PM","wyze-cam-01","event_motion"
"March 13, 2021 at 01:42AM","wyze-cam-01","event_motion"
"March 13, 2021 at 01:44PM","wyze-cam-01","event_motion"
"March 13, 2021 at 01:59PM","kwikset-lock-01","event_lock"
"March 13, 2021 at 01:59PM","kwikset-lock-01","event_unlock"
"March 13, 2021 at 02:01PM","kwikset-lock-01","event_lock"
"March 13, 2021 at 02:01PM","kwikset-lock-01","event_unlock"
"March 13, 2021 at 02:01PM","wyze-cam-01","event_motion"
"March 13, 2021 at 02:02PM","august-lock-01","event_lock"
"March 13, 2021 at 02:02PM","kwikset-lock-01","event_lock"
"March 13, 2021 at 02:02PM","yale-lock-02","event_lock"
"March 13, 2021 at 02:02PM","yale-lock-02","event_unlock"
"March 13, 2021 at 02:03PM","august-lock-01","event_unlock"
"March 13, 2021 at 02:03PM","yale-lock-02","event_unlock"
"March 13, 2021 at 02:05PM","kwikset-lock-01","event_lock"
"March 13, 2021 at 02:05PM","kwikset-lock-01","event_unlock"
"March 13, 2021 at 02:06PM","wyze-cam-01","event_motion"
"March 13, 2021 at 02:06PM","wyze-cam-01","event_sound"
"March 13, 2021 at 02:07PM","august-lock-01","event_lock"
"March 13, 2021 at 02:07PM","yale-lock-02","event_lock"
"March 13, 2021 at 02:09PM","yale-lock-02","event_unlock"
"March 13, 2021 at 02:10PM","august-lock-01","event_lock"
"March 13, 2021 at 02:10PM","august-lock-01","event_unlock"
"March 13, 2021 at 02:11PM","august-lock-01","event_unlock"
"March 13, 2021 at 02:11PM","wyze-cam-01","event_motion"
"March 13, 2021 at 02:11PM","wyze-cam-01","event_sound"
"March 13, 2021 at 02:12PM","kwikset-lock-01","event_unlock"
"March 13, 2021 at 02:13PM","august-lock-01","event_lock"
"March 13, 2021 at 02:14PM","august-lock-01","event_unlock"
"March 13, 2021 at 02:14PM","kwikset-lock-01","event_lock"
"March 13, 2021 at 02:14PM","kwikset-lock-01","event_unlock"
"March 13, 2021 at 02:14PM","yale-lock-02","event_unlock"
"March 13, 2021 at 02:15PM","kwikset-lock-01","event_lock"
"March 13, 2021 at 02:16PM","arlo-cam-01","event_motion"
"March 13, 2021 at 02:16PM","arlo-cam-02","event_motion"
"March 13, 2021 at 02:16PM","august-lock-01","event_lock"
"March 13, 2021 at 02:16PM","blink-cam-03","event_motion"
"March 13, 2021 at 02:16PM","kwikset-lock-01","event_unlock"
"March 13, 2021 at 02:16PM","wyze-cam-01","event_motion"
"March 13, 2021 at 02:16PM","wyze-cam-01","event_sound"
"March 13, 2021 at 02:17PM","arlo-cam-01","event_motion"
"March 13, 2021 at 02:17PM","arlo-cam-01","event_motion"
"March 13, 2021 at 02:17PM","august-lock-01","event_lock"
"March 13, 2021 at 02:17PM","august-lock-01","event_unlock"
"March 13, 2021 at 02:17PM","blink-cam-01","event_motion"
"March 13, 2021 at 02:17PM","blink-cam-02","event_motion"
"March 13, 2021 at 02:17PM","blink-cam-02","event_motion"
"March 13, 2021 at 02:17PM","blink-cam-03","event_motion"
"March 13, 2021 at 02:17PM","blink-cam-03","event_motion"
"March 13, 2021 at 02:17PM","kwikset-lock-01","event_lock"
"March 13, 2021 at 02:17PM","yale-lock-02","event_unlock"
"March 13, 2021 at 02:18PM","arlo-cam-01","event_motion"
"March 13, 2021 at 02:18PM","arlo-cam-01","event_motion"
"March 13, 2021 at 02:18PM","august-lock-01","event_unlock"
"March 13, 2021 at 02:18PM","blink-cam-01","event_motion"
"March 13, 2021 at 02:18PM","blink-cam-01","event_motion"
"March 13, 2021 at 02:18PM","blink-cam-02","event_motion"
"March 13, 2021 at 02:18PM","blink-cam-03","event_motion"
"March 13, 2021 at 02:18PM","kwikset-lock-01","event_lock"
"March 13, 2021 at 02:18PM","kwikset-lock-01","event_unlock"
"March 13, 2021 at 02:18PM","yale-lock-02","event_unlock"
"March 13, 2021 at 02:19PM","arlo-cam-01","event_motion"
"March 13, 2021 at 02:19PM","arlo-cam-01","event_motion"
"March 13, 2021 at 02:19PM","august-lock-01","event_lock"
"March 13, 2021 at 02:19PM","blink-cam-01","event_motion"
"March 13, 2021 at 02:19PM","blink-cam-02","event_motion"
"March 13, 2021 at 02:19PM","blink-cam-03","event_motion"
"March 13, 2021 at 02:19PM","kwikset-lock-01","event_unlock"
"March 13, 2021 at 02:20PM","arlo-cam-01","event_motion"
"March 13, 2021 at 02:20PM","august-lock-01","event_unlock"
"March 13, 2021 at 02:20PM","blink-cam-01","event_motion"
"March 13, 2021 at 02:20PM","blink-cam-02","event_motion"
"March 13, 2021 at 02:20PM","blink-cam-03","event_motion"
"March 13, 2021 at 02:20PM","kwikset-lock-01","event_lock"
"March 13, 2021 at 02:20PM","yale-lock-02","event_unlock"
"March 13, 2021 at 02:21PM","arlo-cam-01","event_motion"
"March 13, 2021 at 02:21PM","arlo-cam-01","event_motion"
"March 13, 2021 at 02:21PM","arlo-cam-02","event_motion"
"March 13, 2021 at 02:21PM","august-lock-01","event_lock"
"March 13, 2021 at 02:21PM","blink-cam-01","event_motion"
"March 13, 2021 at 02:21PM","blink-cam-02","event_motion"
"March 13, 2021 at 02:21PM","blink-cam-03","event_motion"
"March 13, 2021 at 02:21PM","kwikset-lock-01","event_unlock"
"March 13, 2021 at 02:21PM","wyze-cam-01","event_motion"
"March 13, 2021 at 02:21PM","wyze-cam-01","event_sound"
"March 13, 2021 at 02:22PM","arlo-cam-01","event_motion"
"March 13, 2021 at 02:22PM","arlo-cam-01","event_motion"
"March 13, 2021 at 02:22PM","august-lock-01","event_lock"
"March 13, 2021 at 02:22PM","august-lock-01","event_unlock"
"March 13, 2021 at 02:22PM","blink-cam-01","event_motion"
"March 13, 2021 at 02:22PM","blink-cam-02","event_motion"
"March 13, 2021 at 02:22PM","blink-cam-03","event_motion"
"March 13, 2021 at 02:22PM","kwikset-lock-01","event_lock"
"March 13, 2021 at 02:22PM","yale-lock-02","event_unlock"
"March 13, 2021 at 02:23PM","arlo-cam-01","event_motion"
"March 13, 2021 at 02:23PM","arlo-cam-02","event_motion"
"March 13, 2021 at 02:23PM","blink-cam-01","event_motion"
"March 13, 2021 at 02:23PM","blink-cam-02","event_motion"
"March 13, 2021 at 02:23PM","blink-cam-03","event_motion"
"March 13, 2021 at 02:23PM","kwikset-lock-01","event_unlock"
"March 13, 2021 at 02:24PM","arlo-cam-01","event_motion"
"March 13, 2021 at 02:24PM","arlo-cam-01","event_motion"
"March 13, 2021 at 02:24PM","arlo-cam-02","event_motion"
"March 13, 2021 at 02:24PM","august-lock-01","event_unlock"
"March 13, 2021 at 02:24PM","blink-cam-01","event_motion"
"March 13, 2021 at 02:24PM","blink-cam-02","event_motion"
"March 13, 2021 at 02:24PM","blink-cam-03","event_motion"
"March 13, 2021 at 02:25PM","arlo-cam-01","event_motion"
"March 13, 2021 at 02:25PM","arlo-cam-01","event_motion"
"March 13, 2021 at 02:25PM","august-lock-01","event_lock"
"March 13, 2021 at 02:25PM","blink-cam-01","event_motion"
"March 13, 2021 at 02:25PM","blink-cam-02","event_motion"
"March 13, 2021 at 02:25PM","blink-cam-03","event_motion"
"March 13, 2021 at 02:25PM","kwikset-lock-01","event_lock"
"March 13, 2021 at 02:25PM","kwikset-lock-01","event_lock"
"March 13, 2021 at 02:25PM","kwikset-lock-01","event_unlock"
"March 13, 2021 at 02:26PM","arlo-cam-01","event_motion"
"March 13, 2021 at 02:26PM","august-lock-01","event_unlock"
"March 13, 2021 at 02:26PM","blink-cam-01","event_motion"
"March 13, 2021 at 02:26PM","blink-cam-02","event_motion"
"March 13, 2021 at 02:26PM","blink-cam-03","event_motion"
"March 13, 2021 at 02:26PM","wyze-cam-01","event_motion"
"March 13, 2021 at 02:26PM","yale-lock-02","event_unlock"
"March 13, 2021 at 02:27PM","arlo-cam-01","event_motion"
"March 13, 2021 at 02:27PM","arlo-cam-01","event_motion"
"March 13, 2021 at 02:27PM","arlo-cam-02","event_motion"
"March 13, 2021 at 02:27PM","august-lock-01","event_lock"
"March 13, 2021 at 02:27PM","kwikset-lock-01","event_lock"
"March 13, 2021 at 02:27PM","kwikset-lock-01","event_unlock"
"March 13, 2021 at 02:27PM","ultraloq-lock-01","event_unlock"
"March 13, 2021 at 02:27PM","ultraloq-lock-01","event_unlock"
"March 13, 2021 at 02:27PM","ultraloq-lock-01","event_unlock"
"March 13, 2021 at 02:27PM","wyze-cam-01","event_sound"
"March 13, 2021 at 02:28PM","arlo-cam-01","event_motion"
"March 13, 2021 at 02:28PM","blink-cam-01","event_motion"
"March 13, 2021 at 02:28PM","blink-cam-02","event_motion"
"March 13, 2021 at 02:28PM","blink-cam-03","event_motion"
"March 13, 2021 at 02:28PM","kwikset-lock-01","event_unlock"
"March 13, 2021 at 02:29PM","arlo-cam-01","event_motion"
"March 13, 2021 at 02:29PM","arlo-cam-02","event_motion"
"March 13, 2021 at 02:29PM","august-lock-01","event_unlock"
"March 13, 2021 at 02:29PM","blink-cam-01","event_motion"
"March 13, 2021 at 02:29PM","blink-cam-01","event_motion"
"March 13, 2021 at 02:29PM","blink-cam-02","event_motion"
"March 13, 2021 at 02:29PM","blink-cam-02","event_motion"
"March 13, 2021 at 02:29PM","blink-cam-03","event_motion"
"March 13, 2021 at 02:29PM","yale-lock-02","event_unlock"
"March 13, 2021 at 02:30PM","august-lock-01","event_lock"
"March 13, 2021 at 02:30PM","kwikset-lock-01","event_lock"
"March 13, 2021 at 02:30PM","kwikset-lock-01","event_unlock"
"March 13, 2021 at 02:30PM","wyze-cam-01","event_motion"
"March 13, 2021 at 02:31PM","kwikset-lock-01","event_lock"
"March 13, 2021 at 02:31PM","kwikset-lock-01","event_unlock"
"March 13, 2021 at 02:31PM","wyze-cam-01","event_sound"
"March 13, 2021 at 03:00AM","wyze-cam-01","event_motion"
"March 13, 2021 at 04:00PM","wyze-cam-01","event_motion"
"March 13, 2021 at 05:00PM","wyze-cam-01","event_motion"
"March 13, 2021 at 06:01AM","wyze-cam-01","event_motion"
"March 13, 2021 at 07:00AM","wyze-cam-01","event_motion"
"March 13, 2021 at 07:01PM","wyze-cam-01","event_motion"
"March 13, 2021 at 08:00AM","wyze-cam-01","event_motion"
"March 13, 2021 at 08:01PM","wyze-cam-01","event_motion"
"March 13, 2021 at 09:00AM","wyze-cam-01","event_motion"
"March 13, 2021 at 10:01AM","wyze-cam-01","event_motion"
"March 13, 2021 at 10:01PM","wyze-cam-01","event_motion"
"March 13, 2021 at 11:01AM","wyze-cam-01","event_motion"
"March 13, 2021 at 12:00AM","wyze-cam-01","event_motion"
"March 13, 2021 at 12:28PM","august-lock-01","event_unlock"
"March 13, 2021 at 12:28PM","ultraloq-lock-01","event_unlock"
"March 14, 2021 at 01:59AM","wyze-cam-01","event_motion"
"March 14, 2021 at 04:00AM","wyze-cam-01","event_motion"
"March 14, 2021 at 05:00PM","wyze-cam-01","event_motion"
"March 14, 2021 at 06:00PM","wyze-cam-01","event_motion"
"March 14, 2021 at 07:01AM","wyze-cam-01","event_motion"
"March 14, 2021 at 07:01PM","wyze-cam-01","event_motion"
"March 14, 2021 at 08:00AM","wyze-cam-01","event_motion"
"March 14, 2021 at 08:29AM","blink-cam-03","event_motion"
"March 14, 2021 at 09:01AM","wyze-cam-01","event_motion"
"March 14, 2021 at 09:01PM","wyze-cam-01","event_motion"
"March 14, 2021 at 11:01AM","wyze-cam-01","event_motion"
"March 14, 2021 at 12:00AM","wyze-cam-01","event_motion"
"March 14, 2021 at 12:01PM","wyze-cam-01","event_motion"
"March 14, 2021 at 12:59AM","wyze-cam-01","event_motion"
"March 15, 2021 at 01:00AM","wyze-cam-01","event_motion"
"March 15, 2021 at 01:59AM","wyze-cam-01","event_motion"
"March 15, 2021 at 01:59PM","wyze-cam-01","event_motion"
"March 15, 2021 at 02:59AM","wyze-cam-01","event_motion"
"March 15, 2021 at 07:01AM","wyze-cam-01","event_motion"
"March 15, 2021 at 08:19AM","blink-cam-03","event_motion"
"March 15, 2021 at 09:01AM","wyze-cam-01","event_motion"
"March 15, 2021 at 09:38AM","wyze-cam-01","event_motion"
"March 15, 2021 at 09:39AM","yale-lock-02","event_unlock"
"March 15, 2021 at 09:40AM","august-lock-01","event_lock"
"March 15, 2021 at 09:40AM","august-lock-01","event_lock"
"March 15, 2021 at 09:40AM","august-lock-01","event_lock"
"March 15, 2021 at 09:40AM","august-lock-01","event_unlock"
"March 15, 2021 at 09:40AM","august-lock-01","event_unlock"
"March 15, 2021 at 09:40AM","august-lock-01","event_unlock"
"March 15, 2021 at 09:40AM","august-lock-01","event_unlock"
"March 15, 2021 at 09:41AM","august-lock-01","event_lock"
"March 15, 2021 at 09:41AM","august-lock-01","event_lock"
"March 15, 2021 at 09:41AM","august-lock-01","event_lock"
"March 15, 2021 at 09:41AM","august-lock-01","event_lock"
"March 15, 2021 at 09:41AM","august-lock-01","event_lock"
"March 15, 2021 at 09:41AM","august-lock-01","event_unlock"
"March 15, 2021 at 09:41AM","august-lock-01","event_unlock"
"March 15, 2021 at 09:41AM","august-lock-01","event_unlock"
"March 15, 2021 at 09:41AM","august-lock-01","event_unlock"
"March 15, 2021 at 09:41AM","august-lock-01","event_unlock"
"March 15, 2021 at 09:42AM","august-lock-01","event_lock"
"March 15, 2021 at 09:42AM","august-lock-01","event_unlock"
"March 15, 2021 at 09:43AM","wyze-cam-01","event_motion"
"March 15, 2021 at 10:03AM","wyze-cam-01","event_sound"
"March 15, 2021 at 10:13AM","wyze-cam-01","event_sound"
"March 15, 2021 at 10:15AM","arlo-cam-02","event_motion"
"March 15, 2021 at 10:15AM","wyze-cam-01","event_motion"
"March 15, 2021 at 10:16AM","arlo-cam-01","event_motion"
"March 15, 2021 at 10:16AM","arlo-cam-01","event_motion"
"March 15, 2021 at 10:18AM","arlo-cam-02","event_motion"
"March 15, 2021 at 10:19AM","wyze-cam-01","event_sound"
"March 15, 2021 at 10:20AM","arlo-cam-02","event_motion"
"March 15, 2021 at 10:22AM","wyze-cam-01","event_motion"
"March 15, 2021 at 10:24AM","wyze-cam-01","event_sound"
"March 15, 2021 at 10:25AM","arlo-cam-02","event_motion"
"March 15, 2021 at 10:27AM","arlo-cam-02","event_motion"
"March 15, 2021 at 10:27AM","wyze-cam-01","event_motion"
"March 15, 2021 at 10:30AM","wyze-cam-01","event_sound"
"March 15, 2021 at 10:37AM","wyze-cam-01","event_sound"
"March 15, 2021 at 10:42AM","wyze-cam-01","event_sound"
"March 15, 2021 at 11:00AM","wyze-cam-01","event_sound"
"March 15, 2021 at 11:01AM","wyze-cam-01","event_motion"
"March 15, 2021 at 11:06AM","wyze-cam-01","event_motion"
"March 15, 2021 at 11:06AM","wyze-cam-01","event_sound"
"March 15, 2021 at 11:12AM","wyze-cam-01","event_sound"
"March 15, 2021 at 11:14AM","wyze-cam-01","event_motion"
"March 15, 2021 at 11:17AM","arlo-cam-02","event_motion"
"March 15, 2021 at 11:18AM","wyze-cam-01","event_sound"
"March 15, 2021 at 11:19AM","wyze-cam-01","event_motion"
"March 15, 2021 at 11:22AM","arlo-cam-02","event_motion"
"March 15, 2021 at 11:24AM","arlo-cam-02","event_motion"
"March 15, 2021 at 11:24AM","wyze-cam-01","event_sound"
"March 15, 2021 at 11:25AM","wyze-cam-01","event_motion"
"March 15, 2021 at 11:29AM","arlo-cam-02","event_motion"
"March 15, 2021 at 11:29AM","blink-cam-02","event_motion"
"March 15, 2021 at 11:29AM","wyze-cam-01","event_motion"
"March 15, 2021 at 11:30AM","blink-cam-01","event_motion"
"March 15, 2021 at 11:30AM","blink-cam-02","event_motion"
"March 15, 2021 at 11:30AM","blink-cam-03","event_motion"
"March 15, 2021 at 12:01PM","wyze-cam-01","event_motion"
"March 15, 2021 at 12:04PM","wyze-cam-01","event_sound"
